{"cameraMode":{"drawMode":0,"name":"Shaded","section":"Shading Mode"},"sceneLighting":true,"audioPlay":false,"sceneViewState":{"m_AlwaysRefresh":false,"showFog":true,"showSkybox":true,"showFlares":true,"showImageEffects":true,"showParticleSystems":true,"showVisualEffectGraphs":true,"m_FxEnabled":true},"in2DMode":false,"pivot":{"x":60.23664855957031,"y":35.0626106262207,"z":-104.10672760009766},"rotation":{"x":0.0030589750967919828,"y":-0.94508296251297,"z":0.008472776971757412,"w":0.32691603899002077},"size":29.607967376708986,"orthographic":false}