{"cameraMode":{"drawMode":0,"name":"Shaded","section":"Shading Mode"},"sceneLighting":true,"audioPlay":false,"sceneViewState":{"m_AlwaysRefresh":false,"showFog":true,"showSkybox":true,"showFlares":true,"showImageEffects":true,"showParticleSystems":true,"showVisualEffectGraphs":true,"m_FxEnabled":true},"in2DMode":false,"pivot":{"x":71.59805297851563,"y":25.389068603515626,"z":-67.88934326171875},"rotation":{"x":-0.00996234081685543,"y":0.9901607632637024,"z":0.09352851659059525,"w":0.10401175916194916},"size":5.813955783843994,"orthographic":false}