{"cameraMode":{"drawMode":0,"name":"Shaded","section":"Shading Mode"},"sceneLighting":false,"audioPlay":false,"sceneViewState":{"m_AlwaysRefresh":false,"showFog":true,"showSkybox":false,"showFlares":true,"showImageEffects":true,"showParticleSystems":true,"showVisualEffectGraphs":true,"m_FxEnabled":true},"in2DMode":false,"pivot":{"x":-0.360506147146225,"y":0.9119592905044556,"z":1.252929925918579},"rotation":{"x":0.004461649339646101,"y":-0.9817566275596619,"z":0.021450791507959367,"w":0.18935367465019227},"size":1.3987797498703004,"orthographic":false}